"","country","public_debt_bip","trend_pdb","public_debt_state_rev","trend_pdsr","foreign_debt_bip","trend_fdp","foreign_debt_exp","trend_fde","external_debt_service_exp","trend_edse","risk_excessive_debt","exceedance","debt_situation","tendency","income","trend","country_A3","region","region_large","public_debt_bip2","public_debt_state_rev2","foreign_debt_bip2","foreign_debt_exp2","external_debt_service_exp2"
"1","Afghanistan",7,0,27.7,0,12.1,-1,186.1,1,4.1,1,2,1,1,1,"L",1,"AFG","Southern Asia","Middle East",0,0,0,1,0
"2","Bangladesch",33.1,0,323.9,0,18.1,1,120.1,0,5.5,0,0,2,1,1,"LM",1,"BGD","Southern Asia","Asia",0,2,0,0,0
"3","Bhutan",106.3,0,397.5,1,113.3,1,353.3,1,10.5,0,1,11,3,3,"LM",1,"BTN","Southern Asia","Asia",3,2,3,3,0
"4","Indien",71.2,0,347.3,0,19.8,-1,101,1,10.1,1,0,3,1,1,"LM",1,"IND","Southern Asia","Asia",1,2,0,0,0
"5","Indonesien",28.8,1,205.4,1,36,1,177,1,34,1,0,5,2,5,"LM",1,"IDN","South-Eastern Asia","Asia",0,1,0,1,3
"6","Kambodscha",30.4,0,142.1,-1,57.2,1,73.1,0,3.9,-1,0,1,1,-1,"LM",-1,"KHM","South-Eastern Asia","Asia",0,0,1,0,0
"7","Kiribati",26.3,1,21.7,1,NA,0,NA,0,NA,0,2,0,1,2,"LM",1,"KIR","Micronesia","Oceania",0,0,NA,NA,NA
"8","Laos",63.6,1,378.3,1,90.8,0,248.6,1,13.4,1,2,8,2,4,"LM",1,"LAO","South-Eastern Asia","Asia",1,2,3,2,0
"9","Malaysia",54.1,0,276,1,69.5,0,115.6,1,4.9,-1,0,4,1,1,"UM",1,"MYS","South-Eastern Asia","Asia",1,1,2,0,0
"10","Malediven",63.9,1,220.1,0,32.2,1,39.2,1,5.1,0,2,2,1,3,"UM",1,"MDV","Southern Asia","Asia",1,1,0,0,0
"11","Marshallinseln",25.6,-1,37.7,-1,NA,0,NA,0,NA,0,2,0,1,-2,"UM",-1,"MHL","Micronesia","Oceania",0,0,NA,NA,NA
"12","Mikronesien",24.5,-1,35.4,-1,NA,0,NA,0,NA,0,2,0,1,-2,"LM",-1,"FSM","Micronesia","Oceania",0,0,NA,NA,NA
"13","Mongolei",83.5,1,285.9,1,285.5,1,410.7,0,56.2,1,0,12,3,4,"LM",1,"MNG","Eastern Asia","Asia",2,1,3,3,3
"14","Nauru",62,-1,NA,0,NA,0,NA,0,NA,0,0,1,1,-1,"UM",-1,"NRU","Micronesia","Oceania",1,NA,NA,NA,NA
"15","Nepal",26.4,-1,108.8,-1,20.1,0,165.7,0,8.5,0,0,1,1,-2,"L",-1,"NPL","Southern Asia","Asia",0,0,0,1,0
"16","Pakistan",67,0,429,0,26.3,1,286,1,22.6,0,0,8,2,2,"LM",1,"PAK","Southern Asia","Asia",1,3,0,2,2
"17","Papua-Neuguinea",36.9,1,204.1,1,85.6,-1,169,-1,27.1,1,1,7,2,1,"LM",1,"PNG","Melanesia","Oceania",0,1,3,1,2
"18","Philippinen",39.9,-1,204.2,-1,19.4,0,74.4,-1,11.3,1,0,1,1,-2,"LM",-1,"PHL","South-Eastern Asia","Asia",0,1,0,0,0
"19","Salomonen",9.4,-1,22,-1,28.6,1,53.6,1,3.9,-1,1,0,1,-1,"LM",-1,"SLB","Melanesia","Oceania",0,0,0,0,0
"20","Samoa",49.1,0,143.2,0,53.5,0,154.5,-1,8.9,1,2,2,1,0,"UM",0,"WSM","Polynesia","Oceania",0,0,1,1,0
"21","Sri Lanka",79.1,1,572.6,0,59.1,0,260.1,0,21.2,1,0,9,2,2,"LM",1,"LKA","Southern Asia","Asia",2,3,1,2,1
"22","Tonga",NA,0,NA,0,39.1,0,121.3,-1,9.9,1,2,0,1,0,"UM",0,"TON","Polynesia","Oceania",NA,NA,0,0,0
"23","Tuvalu",37,1,29.7,1,NA,0,NA,0,NA,0,2,0,1,2,"UM",1,"TUV","Polynesia","Oceania",0,0,NA,NA,NA
"24","Vanuatu",48.4,1,153.8,1,46,1,NA,0,NA,0,1,1,1,3,"LM",1,"VUT","Melanesia","Oceania",0,0,1,NA,NA
"25","Vietnam",58.5,1,248.2,1,48.8,1,45.7,0,5.9,1,0,3,1,4,"LM",1,"VNM","South-Eastern Asia","Asia",1,1,1,0,0
"26","Angola",65,1,385,1,31.6,1,103.8,1,13.4,1,0,3,1,5,"LM",1,"AGO","Middle Africa","Sub-Saharan Africa",1,2,0,0,0
"27","Äquatorialguinea",37.4,1,219.6,1,9.6,0,19.7,0,NA,0,0,1,1,2,"UM",1,"GNQ","Middle Africa","Sub-Saharan Africa",0,1,0,0,NA
"28","Äthiopien",54.2,1,363.8,1,33.2,1,397.6,1,20.8,1,2,7,2,5,"L",1,"ETH","Eastern Africa","Sub-Saharan Africa",1,2,0,3,1
"29","Benin",54.6,1,292.5,1,31.3,1,114.4,1,4.2,1,1,2,1,5,"L",1,"BEN","Western Africa","Sub-Saharan Africa",1,1,0,0,0
"30","Burkina Faso",38.1,1,175.7,1,25,1,86,1,3.7,1,1,0,1,5,"L",1,"BFA","Western Africa","Sub-Saharan Africa",0,0,0,0,0
"31","Burundi",48.4,1,368.7,1,17.7,-1,245.5,-1,14.4,0,2,4,1,0,"L",0,"BDI","Eastern Africa","Sub-Saharan Africa",0,2,0,2,0
"32","Côte d'Ivoire",47,0,244.7,1,34.4,0,105.6,1,17.6,1,1,2,1,3,"LM",1,"CIV","Western Africa","Sub-Saharan Africa",0,1,0,0,1
"33","Dschibuti",31.8,-1,98.8,-1,112.5,1,338.5,1,11.1,1,2,6,2,1,"LM",1,"DJI","Eastern Africa","Sub-Saharan Africa",0,0,3,3,0
"34","Eritrea",131.2,0,890.5,0,NA,0,NA,0,NA,0,0,6,2,0,"L",0,"ERI","Eastern Africa","Sub-Saharan Africa",3,3,NA,NA,NA
"35","Gabun",62.7,1,382.1,1,45.1,1,116.6,0,NA,0,0,4,1,3,"UM",1,"GAB","Middle Africa","Sub-Saharan Africa",1,2,1,0,NA
"36","Gambia",88,1,459.5,0,65.9,1,247.5,1,16.9,1,3,10,3,4,"L",1,"GMB","Western Africa","Sub-Saharan Africa",2,3,2,2,1
"37","Ghana",71.8,1,410.8,1,48.1,1,106.2,0,10.4,1,2,5,2,4,"LM",1,"GHA","Western Africa","Sub-Saharan Africa",1,3,1,0,0
"38","Guinea",37.9,1,246.5,0,14.3,-1,31.7,-1,1.4,-1,1,1,1,-2,"L",-1,"GIN","Western Africa","Sub-Saharan Africa",0,1,0,0,0
"39","Guinea-Bissau",53.9,1,294.8,-1,24.3,-1,87.8,-1,2.4,-1,1,2,1,-3,"L",-1,"GNB","Western Africa","Sub-Saharan Africa",1,1,0,0,0
"40","Kamerun",36.9,1,247,1,30.3,1,154.3,1,10.7,1,2,2,1,5,"LM",1,"CMR","Middle Africa","Sub-Saharan Africa",0,1,0,1,0
"41","Kap Verde",125.8,1,441.8,0,104.4,1,204.5,1,5.9,0,2,10,3,3,"LM",1,"CPV","Western Africa","Sub-Saharan Africa",3,3,3,1,0
"42","Kenia",54.2,1,296.8,1,35.7,1,243.8,1,14.8,1,1,4,1,5,"LM",1,"KEN","Eastern Africa","Sub-Saharan Africa",1,1,0,2,0
"43","Komoren",32.4,1,113.6,1,25.3,0,124.6,0,1.9,1,1,0,1,3,"L",1,"COM","Eastern Africa","Sub-Saharan Africa",0,0,0,0,0
"44","Kongo, Demokratische Republik",18.1,0,174.1,1,14,-1,38.3,-1,3,-1,1,0,1,-2,"L",-1,"COD","Middle Africa","Sub-Saharan Africa",0,0,0,0,0
"45","Kongo, Republik",130.8,1,458.4,1,56.1,1,109.8,1,NA,0,1,7,2,4,"LM",1,"COG","Middle Africa","Sub-Saharan Africa",3,3,1,0,NA
"46","Liberia",34.4,1,116.7,1,61.3,1,252.9,1,3.5,1,1,4,1,5,"L",1,"LBR","Western Africa","Sub-Saharan Africa",0,0,2,2,0
"47","Madagaskar",36,0,244.1,-1,30.3,0,82.2,1,3.2,-1,1,1,1,-1,"L",-1,"MDG","Eastern Africa","Sub-Saharan Africa",0,1,0,0,0
"48","Malawi",59.2,0,233.4,1,35.1,1,172.9,1,5.7,1,1,3,1,4,"L",1,"MWI","Eastern Africa","Sub-Saharan Africa",1,1,0,1,0
"49","Mali",35.4,1,176.8,1,29.3,0,127.6,1,4.5,1,1,0,1,4,"L",1,"MLI","Western Africa","Sub-Saharan Africa",0,0,0,0,0
"50","Mauretanien",56.6,1,344.5,1,85.2,1,207.3,1,13.2,1,2,7,2,5,"LM",1,"MRT","Western Africa","Sub-Saharan Africa",1,2,3,1,0
"51","Mauritius",64,0,281.1,0,155.9,1,141.9,1,21,-1,0,6,2,1,"UM",1,"MUS","Eastern Africa","Sub-Saharan Africa",1,1,3,0,1
"52","Mosambik",102.1,1,357.8,1,100.8,1,216.5,1,5,1,3,9,2,5,"L",1,"MOZ","Eastern Africa","Sub-Saharan Africa",3,2,3,1,0
"53","Namibia*",41.3,1,132,1,60.2,0,172.5,0,NA,0,0,3,1,2,"UM",1,"NAM","Southern Africa","Sub-Saharan Africa",0,0,2,1,NA
"54","Niger",45.3,1,211.4,1,47.2,1,288.5,1,9.9,1,1,4,1,5,"L",1,"NER","Western Africa","Sub-Saharan Africa",0,1,1,2,0
"55","Nigeria",21.8,1,351.4,1,11,1,76.9,1,6.8,1,0,2,1,5,"LM",1,"NGA","Western Africa","Sub-Saharan Africa",0,2,0,0,0
"56","Ruanda",40.5,1,176.9,1,37.4,1,161.4,1,3.9,1,0,1,1,5,"L",1,"RWA","Eastern Africa","Sub-Saharan Africa",0,0,0,1,0
"57","Sambia",63.1,1,358.8,1,65.2,1,179.4,1,18.1,1,1,7,2,5,"LM",1,"ZMB","Eastern Africa","Sub-Saharan Africa",1,2,2,1,1
"58","São Tomé und Príncipe",88.4,1,370.8,1,66.6,0,276.3,-1,3.4,-1,3,8,2,0,"LM",0,"STP","Middle Africa","Sub-Saharan Africa",2,2,2,2,0
"59","Senegal",48.3,1,249.4,1,56.2,1,212.6,1,14.2,1,0,3,1,5,"L",1,"SEN","Western Africa","Sub-Saharan Africa",0,1,1,1,0
"60","Seychellen",63.6,0,174.7,0,NA,0,NA,0,NA,0,0,1,1,0,"H",0,"SYC","Eastern Africa","Sub-Saharan Africa",1,0,NA,NA,NA
"61","Sierra Leone",63.9,1,424.3,1,47.3,1,NA,0,NA,0,2,5,2,3,"L",1,"SLE","Western Africa","Sub-Saharan Africa",1,3,1,NA,NA
"62","Simbabwe",82.3,1,374.8,1,59.1,0,188.6,0,8.4,-1,3,6,2,1,"L",1,"ZWE","Eastern Africa","Sub-Saharan Africa",2,2,1,1,0
"63","Südafrika",53,1,187.5,1,52,1,160.4,1,12.2,1,0,3,1,5,"UM",1,"ZAF","Southern Africa","Sub-Saharan Africa",1,0,1,1,0
"64","Sudan",121.6,1,1689.5,1,20.3,-1,387.3,0,4.2,-1,3,9,2,0,"LM",0,"SDN","Northern Africa","Middle East",3,3,0,3,0
"65","Südsudan",62.7,1,150.6,1,NA,0,NA,0,NA,0,3,1,1,2,"L",1,"SSD","Northern Africa","Middle East",1,0,NA,NA,NA
"66","Tansania",37,1,232.1,1,35.4,1,205.6,1,8.4,1,0,2,1,5,"L",1,"TZA","Eastern Africa","Sub-Saharan Africa",0,1,0,1,0
"67","Togo",75.7,1,352,1,32.8,1,105.9,1,5.8,1,1,4,1,5,"L",1,"TGO","Western Africa","Sub-Saharan Africa",2,2,0,0,0
"68","Tschad",52.5,1,352,1,31.9,1,NA,0,NA,0,2,3,1,3,"L",1,"TCD","Middle Africa","Sub-Saharan Africa",1,2,0,NA,NA
"69","Uganda",40,1,266.5,1,44.3,1,222.5,1,3.8,1,0,3,1,5,"L",1,"UGA","Eastern Africa","Sub-Saharan Africa",0,1,1,1,0
"70","Zentralafrikanische Republik",52.9,1,386.1,-1,37.4,0,NA,0,NA,0,2,3,1,0,"L",0,"CAF","Middle Africa","Sub-Saharan Africa",1,2,0,NA,NA
"71","Antigua und Barbuda",86.8,0,416.8,-1,NA,0,NA,0,NA,0,0,5,2,0,"H",0,"ATG","Caribbean","Latin America",2,3,NA,NA,NA
"72","Argentinien",57.6,1,165.2,1,33.7,0,367.6,0,NA,0,0,4,1,2,"H",1,"ARG","South America","Latin America",1,0,0,3,NA
"73","Bahamas",54.6,1,317.8,0,NA,0,NA,0,NA,0,0,3,1,1,"H",1,"BHS","Caribbean","Latin America",1,2,NA,NA,NA
"74","Barbados",157.3,1,553.2,0,NA,0,NA,0,NA,0,0,6,2,1,"H",1,"BRB","Caribbean","Latin America",3,3,NA,NA,NA
"75","Belize",99,1,338.6,1,82.9,0,133.8,1,9.7,-1,0,7,2,2,"UM",1,"BLZ","Central America","Latin America",2,2,3,0,0
"76","Brasilien",84,1,278.9,1,27,1,205.9,1,36.2,1,0,7,2,5,"UM",1,"BRA","South America","Latin America",2,1,0,1,3
"77","Costa Rica",48.9,1,351.8,1,47.5,1,128.5,1,14.8,-1,0,3,1,3,"UM",1,"CRI","Central America","Latin America",0,2,1,0,0
"78","Dominica",82.7,0,176.9,-1,54.8,-1,121.2,-1,11.7,0,2,3,1,-3,"UM",-1,"DMA","Caribbean","Latin America",2,0,1,0,0
"79","Dominikanische Republik",37.2,0,249.4,0,41.1,0,153.1,0,10.2,-1,0,3,1,-1,"UM",-1,"DOM","Caribbean","Latin America",0,1,1,1,0
"80","Ecuador",45.4,1,141.5,1,39.3,1,178.5,1,29.3,1,0,3,1,5,"UM",1,"ECU","South America","Latin America",0,0,0,1,2
"81","El Salvador",67.9,1,313.5,0,71.5,0,226.2,1,20.2,0,0,8,2,2,"LM",1,"SLV","Central America","Latin America",1,2,2,2,1
"82","Grenada",70.4,-1,273.4,-1,49.2,-1,89,-1,9.4,0,3,3,1,-4,"UM",-1,"GRD","Caribbean","Latin America",1,1,1,0,0
"83","Guatemala",24.7,0,228.9,0,31,0,156.6,1,28.6,1,0,4,1,2,"UM",1,"GTM","Central America","Latin America",0,1,0,1,2
"84","Guyana",52.2,-1,172.3,-1,43.5,-1,50.8,0,3.6,-1,1,2,1,-4,"UM",-1,"GUY","South America","Latin America",1,0,1,0,0
"85","Haiti",31,1,175.7,1,26.2,1,138.4,1,1.5,1,2,0,1,5,"L",1,"HTI","Caribbean","Latin America",0,0,0,0,0
"86","Honduras",39.5,0,148.2,0,40.6,0,114.3,0,23.9,1,1,3,1,1,"LM",1,"HND","Central America","Latin America",0,0,1,0,2
"87","Jamaika",101,-1,348.2,-1,103.2,1,286,0,27.3,0,0,12,3,-1,"UM",-1,"JAM","Caribbean","Latin America",3,2,3,2,2
"88","Kolumbien",49.3,1,193.6,1,41.3,1,232.7,1,41.6,1,0,6,2,5,"UM",1,"COL","South America","Latin America",0,0,1,2,3
"89","Mexiko",54.3,1,219.3,1,40.5,1,101.6,0,14,1,0,3,1,4,"UM",1,"MEX","Central America","Latin America",1,1,1,0,0
"90","Nicaragua",33.3,1,131.6,0,85.3,0,199.1,0,19.8,1,1,5,2,2,"LM",1,"NIC","Central America","Latin America",0,0,3,1,1
"91","Panama",37.8,1,187.6,1,91.53,-1,590.5,1,NA,0,0,6,2,2,"H",1,"PAN","Central America","Latin America",0,0,3,3,NA
"92","Paraguay",19.5,1,102.4,1,57,0,111.8,0,12.4,0,0,1,1,2,"UM",1,"PRY","South America","Latin America",0,0,1,0,0
"93","Peru",25.4,1,139,1,33.6,0,127.3,0,21.7,1,0,1,1,3,"UM",1,"PER","South America","Latin America",0,0,0,0,1
"94","St. Kitts und Nevis*",62.9,-1,208.3,0,20.9,-1,351.5,1,NA,0,0,5,2,-1,"H",-1,"KNA","Caribbean","Latin America",1,1,0,3,NA
"95","St. Lucia",70.6,0,291.4,0,39,1,61.5,-1,4.6,-1,1,2,1,-1,"UM",-1,"LCA","Caribbean","Latin America",1,1,0,0,0
"96","St. Vincent und die Grenadinen",73.8,0,245.7,-1,42.7,0,117,-1,11.6,-1,2,3,1,-3,"UM",-1,"VCT","Caribbean","Latin America",1,1,1,0,0
"97","Surinam",69.3,1,354.1,1,49.7,0,83.8,0,NA,0,0,4,1,2,"UM",1,"SUR","South America","Latin America",1,2,1,0,NA
"98","Uruguay",65.7,0,220.6,0,68.5,1,40.3,-1,7.1,-1,0,4,1,-1,"UM",-1,"URY","South America","Latin America",1,1,2,0,0
"99","Venezuela",38.9,-1,430.2,1,43.7,1,312.8,1,NA,0,0,7,2,2,"UM",1,"VEN","South America","Latin America",0,3,1,3,NA
"100","Ägypten",103,1,473.5,1,35.9,1,190.3,1,15.1,1,0,8,2,5,"LM",1,"EGY","Northern Africa","Middle East",3,3,0,1,1
"101","Bahrain",88.5,1,485.4,1,147.6,0,339,0,NA,0,0,11,3,2,"H",1,"BHR","Western Asia","Middle East",2,3,3,3,NA
"102","Irak",59.7,1,177.9,1,38.1,1,106.6,1,47.1,1,0,4,1,5,"UM",1,"IRQ","Western Asia","Middle East",1,0,0,0,3
"103","Jemen*",74.5,1,2135,1,22.6,1,18382.3,1,NA,0,1,7,2,4,"L",1,"YEM","Western Asia","Middle East",1,3,0,3,NA
"104","Jordanien",95.9,1,367.3,0,75.3,0,198.1,1,12.4,1,0,7,2,3,"UM",1,"JOR","Western Asia","Middle East",2,2,2,1,0
"105","Libanon",146.8,0,684.4,0,141.7,0,341.3,1,70.6,1,0,15,3,2,"UM",1,"LBN","Western Asia","Middle East",3,3,3,3,3
"106","Marokko",65.1,0,248.3,1,46.5,1,125.3,0,9.8,-1,0,3,1,1,"LM",1,"MAR","Northern Africa","Middle East",1,1,1,0,0
"107","Tunesien",70.3,1,288.3,1,82.8,1,178.1,1,17.2,1,0,7,2,5,"LM",1,"TUN","Northern Africa","Middle East",1,1,3,1,1
"108","Albanien",71.8,0,259,-1,69.4,0,198.1,0,10.4,-1,0,5,2,-2,"UM",-1,"ALB","Southern Europe","Europe",1,1,2,1,0
"109","Armenien",53.5,1,252.2,1,85.9,1,182.4,0,27,-1,0,8,2,2,"UM",1,"ARM","Western Asia","Middle East",1,1,3,1,2
"110","Aserbaidschan",54,1,154.9,1,39.1,1,72.1,1,10.7,0,0,1,1,4,"UM",1,"AZE","Western Asia","Middle East",1,0,0,0,0
"111","Bosnien und Herzegowina",39.5,-1,93,0,79.8,0,184.8,-1,15.6,0,0,4,1,-2,"UM",-1,"BIH","Southern Europe","Europe",0,0,2,1,1
"112","Georgien",44.9,1,154.4,1,109.8,1,181.3,1,29.4,1,0,6,2,5,"LM",1,"GEO","Western Asia","Middle East",0,0,3,1,2
"113","Kasachstan",20.8,1,110.6,1,118.4,1,287.1,1,47.9,1,0,8,2,5,"UM",1,"KAZ","Central Asia","Asia",0,0,3,2,3
"114","Kirgisistan",56,1,163.4,1,111.2,1,313.3,1,29.9,1,1,9,2,5,"LM",1,"KGZ","Central Asia","Asia",1,0,3,3,2
"115","Mazedonien",39.2,1,135.6,1,78.9,1,133.6,0,13.7,-1,0,2,1,2,"UM",1,"MKD","Southern Europe","Europe",0,0,2,0,0
"116","Moldawien",31.5,1,104.4,1,80.7,1,175.1,1,10.7,-1,0,4,1,3,"LM",1,"MDA","Eastern Europe","Europe",0,0,3,1,0
"117","Montenegro",67.2,1,164.4,1,64.4,0,134.5,0,13.4,-1,0,3,1,1,"UM",1,"MNE","Southern Europe","Europe",1,0,2,0,0
"118","Serbien",62.5,0,141.5,-1,89.6,0,153.5,-1,22,-1,0,6,2,-3,"UM",-1,"SRB","Southern Europe","Europe",1,0,3,1,1
"119","Tadschikistan",50.4,1,170,1,71.3,1,216.2,1,26.1,1,2,6,2,5,"L",1,"TJK","Central Asia","Asia",1,0,2,1,2
"120","Türkei",28.3,0,90.7,0,54.1,1,211.4,1,40.2,1,0,5,2,3,"UM",1,"TUR","Western Asia","Middle East",0,0,1,1,3
"121","Ukraine",71,1,180.7,1,98.4,1,179.3,0,20.7,-1,0,6,2,2,"LM",1,"UKR","Eastern Europe","Europe",1,0,3,1,1
"122","Weißrussland",53.4,1,137.3,1,75.6,1,105.7,1,11.8,1,0,3,1,5,"UM",1,"BLR","Eastern Europe","Europe",1,0,2,0,0
